shot_id,duration,shot_type,camera,character,action,dialogue,Image_Prompt,Video_Prompt
1,6,全景,固定鏡頭，緩慢平移,千尋，父母,一家三口站在一個古老、爬滿藤蔓的石砌隧道入口前，千尋緊抓著媽媽的手臂，表情緊張,千尋：我們真的要進去嗎？,"A wide shot of a mysterious, ancient stone tunnel entrance overgrown with ivy and moss. A young girl in a green shirt clings to her mother's arm, looking apprehensive, while her father stands confidently. Bright daylight outside contrasts with the tunnel's darkness. Studio Ghibli style, detailed watercolor painting, soft natural lighting, sense of foreboding.","A wide, static shot of the ancient tunnel entrance. The camera slowly pans from the family to the dark opening, emphasizing the contrast between the safe, sunlit field and the mysterious tunnel. Studio Ghibli aesthetic, soft natural light, detailed background painting."
2,5,中景,跟拍，從背後,千尋，父母,父母毫不猶豫地走進隧道陰影中，千尋遲疑地跟在後面，回頭看了一眼來時的路,父親：別怕，這可能是個舊公園的入口。,"Medium shot from behind as a family walks into a dark, stone tunnel. The parents stride ahead confidently, while the young girl lags behind, turning her head to look back at the light. Studio Ghibli style, high contrast between light and shadow, detailed textures on the stone walls.","A medium tracking shot following the family from behind as they enter the tunnel. The camera moves with them, focusing on Chihiro's hesitant body language as she looks back. Ghibli style, lighting shifts from bright to dim."
3,8,全景,緩慢拉遠,千尋，父母,隧道內部，光線從另一端透入，形成長長的光柱。三人的身影在光柱中變成剪影，走向遠處的光亮,,"A wide interior shot of a long, arched stone tunnel. Beams of light pierce through dust particles, creating dramatic light shafts. Three silhouetted figures walk towards the distant light source. Studio Ghibli style, atmospheric, volumetric lighting, ethereal mood.","A wide, slow pull-back shot inside the tunnel. The camera reveals the scale and atmosphere as the family walks away as silhouettes towards the light. Studio Ghibli aesthetic, emphasizing dust motes in light beams and a sense of transition."
4,7,中景,從側面跟拍,千尋,千尋在隧道中快步小跑，追上父母，臉上帶著不安和好奇，手撫摸著潮濕的牆壁,千尋：這裡好安靜啊...,"Medium shot of a young girl running slightly to catch up in a dim tunnel. She touches the mossy, wet stone wall with a mix of fear and curiosity on her face. Studio Ghibli style, soft side lighting from the tunnel exit, detailed character expression.","A medium tracking shot from the side, following Chihiro as she jogs through the tunnel. The camera focuses on her interaction with the environment and her expressive face. Ghibli style, fluid animation, subtle lighting changes."
5,6,全景,從隧道內向外推,千尋，父母,三人走出隧道，眼前豁然開朗，是一片廣闊的草原和廢棄的日式建築群，風吹過草地,母親：看，果然是舊址。空氣真好。,"A wide shot from inside the tunnel looking out to a vast, sunlit meadow with overgrown grass and distant, mysterious abandoned buildings. The family stands at the exit, backlit. Studio Ghibli style, lush greenery, deep blue sky with fluffy clouds, inviting yet eerie.","A shot starting inside the tunnel, then pushing forward through the exit, revealing the expansive, beautiful yet strange landscape. The camera movement mimics stepping into a new world. Ghibli style, vibrant colors, wind effects on grass."
6,5,中景,固定,父母,父母興奮地走向一座空無一人的美食攤位，攤位上擺滿了豐盛、冒著熱氣的食物,父親：哇！看起來真不錯！還沒人看管？,"Medium shot of parents approaching a richly stocked food stall with steaming roasted meats, dumplings, and fruits. They look delighted and surprised. Studio Ghibli style, detailed and appetizing food render, warm golden hour lighting.","A static medium shot as the parents walk into frame towards the food stall. The focus is on their eager expressions and the detailed, tempting food. Ghibli style, warm lighting makes the food glow."
7,4,近景,固定,千尋,千尋站在遠處，皺著眉頭，雙手不安地握在一起，沒有靠近食物,千尋：爸爸，媽媽，我們不應該吃別人的東西...,"Close-up of Chihiro's worried face. She frowns, biting her lip slightly, her hands clasped tightly in front of her. Studio Ghibli style, expressive eyes showing apprehension, soft lighting contrasting her worry against the warm background.","A close-up static shot of Chihiro's face, highlighting her concerned expression and internal conflict as she watches her parents. Ghibli style, subtle eye and mouth animation to convey unease."
8,6,中景,搖鏡，從千尋搖到父母,父母,父母不聽勸告，已經開始大口吃起來，臉上露出滿足甚至貪婪的表情,母親：沒關係，我們留下錢就好了。真好吃！,"Medium shot of the parents greedily eating food from the stall. Their faces show excessive enjoyment, sauce on their chins. Studio Ghibli style, slightly exaggerated expressions, warm but isolating lighting.","A panning shot from Chihiro's worried perspective to her parents eating ravenously. The camera movement connects her isolation to their indulgence. Ghibli style, focus on their rapid eating motions."
9,8,特寫,極慢推近,父親的手,父親的手抓起又一個食物塞進嘴裡，動作變得急促、機械,,"Extreme close-up on a father's hand grabbing a piece of meat and shoving it into his mouth. The motion is frantic. Studio Ghibli style, detailed hand animation, food textures, unsettling mood.","An extreme close-up, slow push-in on the father's hand repeatedly grabbing food. The movement becomes more frantic, signaling loss of control. Ghibli style, detailed animation of fingers and food."
10,7,全景（俯角）,拉遠並緩慢上升,父母，千尋,父母的身體開始扭曲變形，衣服散落，逐漸變成兩頭粉色的豬，發出哼叫聲。千尋在遠處驚恐地捂住嘴,千尋：啊——！爸爸！媽媽！,"High-angle wide shot. Two humans are grotesquely transforming into large, pink pigs amidst scattered clothing and overturned food. A small girl stands horrified in the background. Studio Ghibli style, surreal and horrifying transformation sequence, dramatic lighting.","A wide shot that slowly pulls back and rises, revealing the full, horrifying transformation of the parents into pigs. Chihiro's small figure is seen reacting in shock. Ghibli style, fluid but disturbing metamorphosis animation."
11,5,近景,手持晃動感,千尋,千尋驚恐地後退，眼睛瞪大，淚水在眼眶裡打轉，呼吸急促,,"Close-up, shaky shot of Chihiro's terrified face. Her eyes are wide with shock, tears welling up, mouth slightly open in a silent scream. Studio Ghibli style, highly expressive, emotional close-up, dynamic lighting.","A close-up shot with slight handheld shake to convey panic. Focus on Chihiro's face as horror sets in—eyes darting, tears forming. Ghibli style, intense emotional expression."
12,6,中景,快速搖攝,千尋,千尋轉身在空曠的街道上狂奔，周圍的建築在暮色中顯得詭異，她的身影顯得無比孤單渺小,,"Medium shot of Chihiro running desperately down an empty, twilight street lined with mysterious traditional buildings. Her small figure is silhouetted against the darkening sky. Studio Ghibli style, atmospheric dusk lighting, deep blues and purples, sense of isolation.","A medium shot with a quick pan following Chihiro as she runs frantically. The camera movement is urgent, matching her panic. Ghibli style, background buildings blur, emphasizing her speed and fear."
13,7,特寫,固定,千尋的手,千尋低頭看著自己的手，發現手指開始變得透明，能隱約看到後面的石板路,千尋：不...不要...,"Extreme close-up on Chihiro's hands held in front of her face. Her fingers are becoming translucent, ghostly, revealing the texture of the stone path beneath. Studio Ghibli style, magical and eerie effect, soft focus on the fading flesh.","A static extreme close-up on Chihiro's hands. The transparency effect slowly manifests, creating a haunting visual. Ghibli style, subtle animation of the fading opacity, focus on the detail."
14,8,中景,環繞,千尋,千尋驚慌地檢查自己的全身，手臂、腿都在暮光中逐漸變得透明，她像個即將消失的幽靈,,"Medium shot of Chihiro turning around, looking at her arms and legs as they slowly fade into transparency. The twilight glow passes through her body. Studio Ghibli style, beautiful yet terrifying visual of dissolution, ethereal lighting.","A medium shot where the camera slowly circles around Chihiro, showcasing her entire body becoming translucent from different angles. Ghibli style, magical particle effects maybe, emphasizing her fading existence."
15,6,近景,緩慢推近,千尋的臉,千尋絕望地跪坐在地上，透明的臉龐上淚水滑落，她看著自己即將消失的雙手，充滿無助,我要消失了...,"Close-up on Chihiro's face as she kneels. Her face is partially transparent, with a single tear rolling down her cheek. Eyes are filled with utter despair and confusion. Studio Ghibli style, emotional depth, light passing through her features.","A slow push-in to a close-up of Chihiro's fading face. The camera emphasizes her tears and the transparency effect as she confronts her dissolution. Ghibli style, focus on the emotional weight of the moment."
16,5,中景,從千尋背後快速拉開,千尋，白龍（身影）,一個少年的身影突然出現在千尋身後的橋上，大風吹起他的衣袂,白龍：你不能待在這兒！快點！,"Medium shot from behind Chihiro. A mysterious boy in traditional hakama stands on a bridge in the distance, his clothes flowing in the wind. Chihiro is small and fading in the foreground. Studio Ghibli style, dramatic wind effects, silhouetted figure, sense of urgency.","A shot starting on Chihiro's back, then quickly pulling back and up to reveal Haku's figure appearing on the bridge. The wind is strong. Ghibli style, dynamic camera move introducing the rescuer."
17,4,近景,快速切,白龍,白龍表情嚴肅而急切，伸出手指向千尋,趁天還沒完全黑，快跟我來！,"Close-up of Haku's face. He looks determined and urgent, his eyes focused intently. His hand is outstretched in a commanding gesture. Studio Ghibli style, handsome but stern character design, wind blowing his hair.","A quick cut to a close-up of Haku, his expression urgent as he speaks and gestures. Ghibli style, clear enunciation and forceful body language animation."
18,6,中景,跟拍,千尋，白龍,白龍跑過來，一把抓住千尋幾乎透明的手腕。他的觸碰似乎讓她的透明度暫緩,,"Medium shot of Haku grabbing Chihiro's translucent wrist. His grip is firm. A faint glow emanates from their point of contact. Studio Ghibli style, magical energy effect, contrast between his solid form and her fading one.","A medium tracking shot as Haku runs into frame and grabs Chihiro's wrist. The camera follows the action, focusing on the connection and the slight magical stabilization of her form. Ghibli style, fluid motion."
19,5,特寫,固定,兩人相握的手,白龍的手緊緊握著千尋半透明的手，一股溫暖的微光從交握處泛起,,"Extreme close-up on the joined hands. Haku's solid hand grips Chihiro's fading one. A soft, warm light glows at their contact, halting her disappearance. Studio Ghibli style, detailed hand anatomy, magical light effect.","A static extreme close-up on the hands. The magical glow pulses softly, emphasizing the life-saving connection. Ghibli style, subtle animation of the light effect."
20,7,中景（低角度）,拉昇,千尋，白龍,白龍將千尋拉起來，護在身邊，警惕地看向四周逐漸亮起燈火的詭異建築,白龍：閉上眼睛，不要呼吸。,"Low-angle medium shot of Haku helping Chihiro to her feet, shielding her. Behind them, the strange town begins to light up with lanterns, casting long shadows. Studio Ghibli style, dramatic low angle, contrasting warm lantern light against cool twilight.","A low-angle shot that pulls up slightly as Haku lifts Chihiro. The background lights up with lanterns, changing the atmosphere. Ghibli style, focus on his protective stance and the awakening world."
21,6,全景,跟隨，穿越街道,千尋，白龍,白龍拉著千尋在迷宮般的街道上快速穿行，兩旁的建築物變得更加清晰、華麗，燈火通明,,"Wide tracking shot following Haku and Chihiro as they run through narrow, lantern-lit streets of a fantastical bathhouse town. Traditional buildings with intricate details loom on both sides. Studio Ghibli style, vibrant night colors, bustling atmosphere (but no people yet), sense of scale.","A wide tracking shot moving with the characters as they navigate the streets. The camera weaves through the environment, showcasing the expanding, magical town. Ghibli style, dynamic movement, rich background animation."
22,8,中景,從千尋主觀視角,白龍的背影，環境,千尋被拉著跑，視角晃動，她仰視著白龍的背影和前方那座巨大、燈火輝煌、煙囪冒著蒸汽的湯屋,,"Medium shot from Chihiro's POV. Haku's back is in the foreground, leading her. In the background, the enormous, multi-storied Bathhouse (Aburaya) glows with countless lights and emits steam. Studio Ghibli style, imposing architecture, sense of awe and intimidation.","A shaky, medium POV shot from behind Haku, focusing on his back and the massive Bathhouse growing larger as they approach. The camera movement conveys her disorientation and awe. Ghibli style."
23,5,近景,固定,千尋,千尋氣喘吁吁，臉上混雜著恐懼、困惑和一絲希望，緊緊盯著白龍的後背,千尋：那是...什麼地方？,"Close-up of Chihiro's face as she runs. She is out of breath, her expression a complex mix of terror, exhaustion, and budding reliance on her guide. Studio Ghibli style, detailed sweat and flush, reflective eyes catching the Bathhouse lights.","A close-up static shot of Chihiro's face while in motion. Her eyes are wide, reflecting the lights, and her breath is visible in the cool air. Ghibli style, conveying her inner turmoil."
24,7,全景（仰角）,緩慢上搖,湯屋,鏡頭仰視巨大的湯屋正門，紅色的燈籠，複雜的木結構，煙霧繚繞，充滿壓迫感和神秘感,白龍：湯屋。神靈來沐浴的地方。,"Extreme low-angle wide shot of the Bathhouse's main entrance. Massive wooden structure, countless red lanterns, billowing steam from pipes. It feels alive and imposing. Studio Ghibli style, intricate architectural details, warm but intimidating glow, night sky.","A slow tilt-up shot from the base of the Bathhouse, revealing its staggering height and grandeur. Steam drifts across the frame. Ghibli style, establishing the scale and power of the location."
25,6,中景,推近至門縫,千尋，白龍,白龍拉著千尋來到一扇小側門前。他推開門，裡面透出溫暖的金色光芒，與外部的黑暗形成對比,白龍：從這裡進去。記住，我說跑的時候，就拼命跑。,"Medium shot at a small, worn side door of the Bathhouse. Haku is pushing it open, revealing a sliver of warm, golden light inside. Chihiro hesitates on the threshold. Studio Ghibli style, contrast between cold blue night and inviting interior light, moment of decision.","A medium shot that slowly pushes in towards the side door as Haku opens it. The light spills out, illuminating their faces. The camera move draws the viewer into the next stage of the journey. Ghibli style, suspenseful transition."
26,5,中景,固定鏡頭,千尋，湯婆婆,千尋顫抖著手，在湯婆婆遞過來的契約上簽下自己的名字。湯婆婆的手指指著契約上的條款。,湯婆婆：從現在開始，你的名字叫小千。,"Medium shot, a young girl with a frightened expression signing a contract with a trembling hand, an imposing old witch with a large nose points at the parchment, inside a dimly lit, ornate office filled with clutter and magical trinkets, dramatic side lighting from a fireplace, Studio Ghibli style, detailed watercolor textures, sense of foreboding.","A medium shot, static camera. A frightened girl, Chihiro, signs a contract with a trembling hand. The imposing witch Yubaba points a bony finger at the parchment. The scene is set in a dim, cluttered office. Dramatic side lighting from a fireplace casts long shadows. Studio Ghibli style, detailed and atmospheric."
27,4,特寫,緩慢推進,千尋（小千）,契約上的墨水字跡“荻野千尋”逐漸模糊、消散，最終變成“小千”兩個字。千尋的眼睛睜大，充滿恐懼。,,"Extreme close-up on a parchment contract, the ink characters of the name 'Chihiro Ogino' magically fade and rearrange into the new name 'Sen', a reflection of a girl's wide, terrified eye is visible in the sheen of the ink, dark and mystical atmosphere, soft glowing light on the paper, Studio Ghibli style, magical and eerie.","An extreme close-up, slow push-in on a parchment contract. The ink of the name 'Chihiro Ogino' magically dissolves and reforms into the characters for 'Sen'. The reflection of Chihiro's terrified eye is seen in the wet ink. Soft, eerie glow on the paper. Studio Ghibli style, magical and unsettling transformation."
28,6,全景,俯角搖攝,小千，湯屋員工們,小千被帶到湯屋的巨大浴室區，周圍是忙碌的各種妖怪員工。她顯得渺小又不知所措，抱著清潔工具。,,"Wide overhead shot, a small girl named Sen stands alone amidst the vast, steamy bathhouse interior, surrounded by bustling yokai workers of all shapes and sizes carrying towels and buckets, intricate wooden architecture with multiple levels, steam fills the air, warm ambient light from lanterns, Studio Ghibli style, bustling and overwhelming scale.","A wide overhead shot, camera slowly pans across the vast bathhouse interior. Sen stands small and lost in the center, clutching cleaning supplies. Various yokai workers busily move around her. Steam rises, and lanterns provide warm light. Studio Ghibli style, emphasizing the overwhelming scale and her isolation."
29,5,中景,跟隨鏡頭,小千，玲,玲嚴厲地指導小千擦洗地板。小滿頭大汗，用力地刷洗著一塊頑固的污漬，動作笨拙但認真。,玲：別發呆！要把每個角落都擦乾淨！,"Medium shot, following, a young girl Sen scrubbing the wooden floor vigorously with a brush, sweat on her brow, an older girl Lin stands over her giving instructions, in a hallway of the bathhouse, steam and soap bubbles around, practical light from wall lanterns, Studio Ghibli style, focus on labor and determination.","A medium shot, camera follows Sen as she scrubs the floor. She works hard, sweat visible. Lin stands nearby, pointing and instructing sternly. The setting is a steamy bathhouse hallway. Practical lantern light. Studio Ghibli style, capturing the grueling work and Sen's determination."
30,7,全景,緩慢拉遠,小千,深夜，小千獨自坐在窗邊，疲憊地抱著膝蓋。她看著窗外陌生的靈界月亮，偷偷地哭泣，手裡緊緊握著朋友給她的飯糰。,,"Wide shot, a tired girl Sen sits curled up by a window in a small attic room, hugging her knees, tears silently streaming down her face as she looks out at a large, mystical moon in a starry spirit world sky, dim moonlight illuminates her face and the simple room, Studio Ghibli style, melancholic and lonely mood.","A wide shot, camera slowly pulls back. Sen sits alone by a window at night, exhausted and crying silently. She looks out at the large, magical moon of the spirit world. Moonlight softly lights her face and the sparse room. Studio Ghibli style, a quiet moment of profound loneliness and sorrow."
31,8,全景,從湯屋內向外搖,湯屋員工們,湯屋外傳來巨大的震動和惡臭。員工們驚慌地跑向窗戶和門口，指著遠處一個龐大、蠕動的、被污泥完全覆蓋的身影靠近。,員工：是腐爛神！腐爛神來了！,"Wide shot from inside the bathhouse, looking out through windows and doors, yokai employees in a panic pointing and recoiling, a massive, hulking figure covered in thick, dark sludge and debris lumbers towards the bathhouse, causing the ground to shake, ominous stormy sky, dim and fearful lighting, Studio Ghibli style, imposing and dreadful arrival.","A wide shot, camera pans from the panicking bathhouse employees to look outside. A gigantic, sludge-covered figure, the Stink Spirit, lumbers towards the bathhouse, shaking the ground. Employees scream and point. Stormy sky, dim light. Studio Ghibli style, building tension and dread with the creature's approach."
32,5,中景,固定鏡頭,湯婆婆，小千,湯婆婆堵住鼻子，一臉厭惡地命令躲在後面的小千去接待這個“客人”。小千嚇得臉色發白，但不敢拒絕。,湯婆婆：小千！你去接待這位客人！這是你的工作！,"Medium shot, the witch Yubaba pinching her nose with a disgusted expression, pointing a commanding finger at the young girl Sen who stands behind her looking pale and terrified, in the luxurious bathhouse lobby, contrast between opulence and the impending foulness, dramatic top lighting, Studio Ghibli style, tense and unfair delegation.","A medium shot, static camera. Yubaba, holding her nose, points imperiously at Sen. Sen stands behind, visibly terrified and pale. Set in the ornate bathhouse lobby. Dramatic lighting highlights the tension. Studio Ghibli style, focusing on the oppressive command and Sen's fear."
33,6,近景,手持晃動，跟隨,小千,小千強忍著令人作嘔的惡臭，眼睛被熏得流淚，她顫抖著雙手為龐大的腐爛神引路，走向最大的浴池。,,"Close-up, handheld shaky motion, on Sen's face as she gags and tears stream from her eyes from the overwhelming stench, she gestures forward with trembling hands, the enormous sludge-covered limb of the Stink Spirit is visible in the foreground, steamy and filthy bathhouse corridor, greenish foul haze in the air, Studio Ghibli style, visceral discomfort and courage.","A close-up, handheld shaky camera follows Sen's face. She gags, tears in her eyes from the horrific smell. She gestures forward nervously. The massive, filthy limb of the Stink Spirit is in frame. The corridor is steamy and filled with a foul haze. Studio Ghibli style, immersive and distressing perspective."
34,7,全景,俯角固定,小千，腐爛神,在巨大的浴池中，腐爛神浸泡在熱水裡。小千咬著牙，爬上它的身體，尋找拉環。污泥幾乎將她淹沒。,,"Wide overhead shot, the gigantic Stink Spirit submerged in a huge wooden bath, the tiny figure of Sen climbing courageously over its sludge-covered back, searching desperately, surrounded by murky, bubbling water and filth, steam rising, dramatic light from above cutting through the steam, Studio Ghibli style, epic scale of the task.","A wide overhead shot, static camera. The Stink Spirit fills the giant bath. Sen, a small figure, climbs over its sludgy back. Murky water bubbles around. Steam rises. Light from above pierces the steam. Studio Ghibli style, emphasizing the daunting scale of her mission and her bravery."
35,4,特寫,快速推進,小千的手,小千的手在污泥中摸索，突然觸碰到一個堅硬的、類似腳踏車把手的物體。她的手緊緊抓住它。,,"Extreme close-up, a quick push-in, on Sen's small, dirty hand grasping a metallic handlebar protruding from the thick sludge, water and grime drip from it, determined grip, focused light on the hand and handle, shallow depth of field, Studio Ghibli style, discovery of a key object.","An extreme close-up, quick push-in. Sen's dirty hand gropes through sludge and finds a metallic handlebar. She grips it tightly. Water drips. Light focuses on the hand and the discovered object. Shallow depth of field. Studio Ghibli style, a moment of crucial discovery amidst the filth."
36,9,中景,拉遠，展示全體,小千，湯屋員工們,小千大喊著讓大家幫忙。所有員工齊心協力，拉著一根從腐爛神體內扯出的繩子。像拔河一樣，他們身體後傾，用力拉扯。,小千：大家一起拉！,"Medium shot pulling back to wide, Sen leading the effort, all the bathhouse yokai employees lined up pulling on a thick rope that extends into the bath, their bodies straining backwards in a unified tug-of-war, water splashing, tense expressions, dynamic composition, steam-filled bathhouse, Studio Ghibli style, communal effort and triumph.","A medium shot that pulls back to a wide. Sen shouts encouragement. All the bathhouse workers, lined up, strain to pull a thick rope from the bath. A dynamic tug-of-war scene, water splashing. The bathhouse is filled with steam and tension. Studio Ghibli style, capturing the unified effort and growing momentum."
37,5,特寫,跟隨繩子運動,無,繩子緊繃，劇烈抖動。隨著一聲巨響，一個巨大的堵塞物（舊腳踏車、廢棄家具、各種垃圾）被從腐爛神體內猛地拉出，飛濺起巨大的水花。,,"Extreme close-up, following motion, the thick rope goes taut and vibrates violently, then a massive clog of garbage - a bicycle, tires, barrels - erupts from the water, sending a huge splash, debris flying, chaotic energy, slow-motion detail of water droplets, Studio Ghibli style, cathartic release.","An extreme close-up, camera follows the tension on the rope. It vibrates violently. Suddenly, a massive clog of garbage bursts from the water in slow-motion, sending a huge splash and debris flying. Chaotic energy. Studio Ghibli style, focusing on the visceral, cathartic moment of release."
38,6,全景,緩慢上升,河神,污泥褪去，腐爛神顯露出真身——一位威嚴、閃爍著水光的龍形河神。它優雅地盤旋上升，離開浴池，渾身散發著清潔的光芒。,,"Wide shot, low angle, camera tilts up, the transformed River Spirit, now a majestic, serpentine dragon made of clear, flowing water, rises gracefully from the bath, water cascading from its luminous form, filling the bathhouse with a serene blue light, awe-struck employees below, Studio Ghibli style, beautiful and transcendent transformation.","A wide low-angle shot, camera slowly tilts up. The River Spirit, transformed into a majestic water dragon, rises gracefully from the bath. Clear water cascades from its luminous body, emitting a serene blue light. Employees watch in awe below. Studio Ghibli style, a breathtaking and magical transformation."
39,4,近景,固定,小千,小千累得癱坐在濕漉漉的地板上，渾身污泥，但臉上露出了如釋重負的、疲憊的微笑。她看著自己髒兮兮的雙手。,,"Close-up, Sen collapsed on the wet floor, covered in mud but smiling a tired, relieved smile, looking at her own dirty hands, steam rises around her, soft light from the transformed bath illuminates her face, Studio Ghibli style, quiet satisfaction and exhaustion after a great ordeal.","A close-up, static camera. Sen sits exhausted on the wet floor, covered in grime. She smiles a tired, relieved smile and looks at her dirty hands. Soft, clean light from the transformed bath illuminates her. Steam rises. Studio Ghibli style, a moment of quiet personal triumph and exhaustion."
40,5,特寫,微距，緩慢聚焦,河神丸子,一顆閃爍著珍珠般光澤的綠色藥丸（河神丸子），被放在小千的掌心。藥丸微微發光，顯得純淨而強大。,,"Extreme close-up, macro focus, a single glowing green dumpling, the River God's medicine, rests in a small, dirty palm, it emits a soft pearl-like luminescence, shallow depth of field blurring the background, ethereal and magical quality, Studio Ghibli style, focus on a powerful magical object.","An extreme close-up, macro focus, slow rack focus onto a glowing green dumpling in a dirty palm. The River God's medicine emits a soft, pearl-like light. Shallow depth of field creates an ethereal blur. Studio Ghibli style, highlighting the beauty and power of the magical reward."
41,6,中景,環繞小千,小千，湯婆婆，員工們,湯婆婆一反常態，興奮地舉著河神留下的金沙。員工們歡呼，將小千拋向空中慶祝。小千在空中，手裡緊握著丸子，表情驚訝又開心。,湯婆婆：是金子！純金的金沙！,"Medium shot, low angle, dynamic camera circling, Sen is being joyfully tossed in the air by the celebrating bathhouse employees, Yubaba in the background gleefully holding up a handful of gold sand, confetti and steam in the air, festive and warm lighting, Sen holds the green dumpling tightly, surprised and happy, Studio Ghibli style, celebratory victory scene.","A medium low-angle shot, camera dynamically circles. Bathhouse employees toss Sen into the air in celebration. Yubaba gleefully holds up gold sand. Confetti and steam fill the air. Festive, warm light. Sen holds the dumpling, looking surprised and happy. Studio Ghibli style, a lively and triumphant celebration."
42,5,近景,固定,玲,玲走到小千身邊，不再是嚴厲的態度，而是帶著認可的微笑，輕輕拍了拍小千的肩膀。,玲：幹得不錯，小千。,"Close-up, Lin places a hand on Sen's shoulder with a genuine, approving smile, Sen looks up at her with gratitude, in the bustling background of the celebration, warm lantern light, Studio Ghibli style, moment of earned respect and budding friendship.","A close-up, static camera. Lin smiles approvingly and puts a hand on Sen's shoulder. Sen looks up gratefully. The celebratory bustle continues in the soft-focus background. Warm lantern light. Studio Ghibli style, a quiet moment of earned respect and connection."
43,7,全景,緩慢平移，展示環境,小千,夜晚，小千獨自來到湯屋外的橋邊。她看著手中發光的河神丸子，又望向遠處黑暗的沼澤，眼神變得堅定，似乎在做出一個重要的決定。,,"Wide shot, slow pan, Sen stands alone on the bridge outside the bathhouse at night, holding the glowing green dumpling in her hands, looking determinedly towards the dark swamp in the distance, the brightly lit bathhouse behind her, starry sky above, cool moonlight, Studio Ghibli style, contemplative and decisive mood.","A wide shot, camera slowly pans across the night scene. Sen stands on the bridge, holding the glowing dumpling. She looks determinedly towards the dark swamp. The lit bathhouse glows behind her under a starry sky. Cool moonlight. Studio Ghibli style, a moment of quiet resolve and foreshadowing."
44,4,特寫,聚焦於丸子,無,河神丸子在小千的掌心靜靜發光，它的光芒映在小千專注的眼睛裡。光暈柔和而神秘。,,"Extreme close-up, the glowing green River God dumpling rests in a palm, its soft light reflecting in the determined eyes of Sen who looks down at it, shallow depth of field, magical and ethereal glow, night atmosphere, Studio Ghibli style, symbol of hope and power.","An extreme close-up, focus on the glowing green dumpling in a palm. Its soft light is reflected in Sen's determined eyes, which are looking down at it. Shallow depth of field creates a dreamy blur. Night setting. Studio Ghibli style, emphasizing the object's symbolic power and her resolve."
45,5,中景,從背後跟隨,小千,小千將丸子小心地包好，藏進衣服裡。她深吸一口氣，轉身離開橋邊，步伐堅定地走回湯屋的燈火中，背影顯得比之前更有力量。,,"Medium shot from behind, following, Sen carefully wraps the dumpling and tucks it into her clothes, she takes a deep breath and walks with determined steps back towards the glowing entrance of the bathhouse, her silhouette strong against the light, night setting, Studio Ghibli style, transition from contemplation to action.","A medium shot from behind, camera follows Sen. She carefully stores the dumpling, takes a breath, and walks decisively back towards the bathhouse's glowing entrance. Her silhouette is strong against the light. Night scene. Studio Ghibli style, showing her transition into a more proactive role."
46,5,全景,固定,千寻，无脸男,千寻站在桥上，无脸男从雨夜的黑暗中缓缓浮现，静静地望着她。,,"A young girl in a green kimono stands on a wooden bridge in the rain at night. A tall, dark, featureless spirit figure with a white mask emerges from the shadows, watching her silently. Studio Ghibli style, atmospheric, moody lighting, rain droplets, hand-drawn aesthetic, detailed background.","A still shot of a wooden bridge in the rain at night. A girl stands looking ahead. From the darkness behind her, a tall, shadowy figure with a white mask slowly materializes, its form becoming clearer. The camera is static, focusing on the eerie emergence. Studio Ghibli animation style, atmospheric rain, moody lighting."
47,4,中景,缓慢推进,无脸男,无脸男站在桥中央，身体微微前倾，面具朝向千寻离开的方向。,,"Medium shot of No-Face, a tall black spirit with a simple white mask, standing alone on a wet wooden bridge. Rain falls around him. He leans forward slightly, his mask tilted, conveying a sense of longing and isolation. Studio Ghibli style, expressive character design, detailed rain effects, somber mood.","A medium shot of No-Face standing on the bridge. The camera slowly pushes in towards his masked face, emphasizing his silent, observing presence. Rain continues to fall, creating ripples in puddles around his feet. Studio Ghibli animation, slow push-in, focus on character's enigmatic stillness."
48,3,近景,固定,千寻,千寻回头看了一眼桥的方向，脸上带着一丝困惑和不安，然后转身继续走。,,"Close-up of Chihiro's face as she glances back over her shoulder. Her expression is a mix of confusion, curiosity, and slight unease. Raindrops glisten on her hair and clothes. Studio Ghibli style, detailed facial expression, emotional depth, soft lighting contrasting with the dark background.","Close-up on Chihiro's face. She turns her head to look back, her eyes showing a flicker of concern. The camera holds on her expression before she turns away. Studio Ghibli character animation, focus on subtle emotional change, rain in the background."
49,5,全景,缓慢拉远,无脸男,无脸男依然站在原地，望着千寻消失的走廊入口，身影在雨中显得孤独而执着。,,"Wide shot from behind No-Face. He stands motionless on the bridge, looking towards a distant, lit corridor entrance where Chihiro disappeared. The rainy night surrounds him, highlighting his solitary figure. Studio Ghibli style, deep perspective, atmospheric lighting, feeling of loneliness and vast space.","A wide shot from behind No-Face. The camera slowly pulls back, revealing his solitary figure on the bridge against the expansive, rainy bathhouse exterior. The focus is on his stillness and the distance between him and the lit entrance. Studio Ghibli style, slow pull-out, establishing mood."
50,4,特写,固定,无脸男,无脸男的面具微微低垂，然后他整个身体像烟雾一样沉入桥面的阴影中，消失不见。,,"Extreme close-up on No-Face's white mask. The mask tilts downward slightly. Then, his entire black, formless body begins to melt and sink into the shadows of the wooden bridge planks, disappearing like ink in water. Studio Ghibli style, magical dissolution effect, detailed texture, mysterious atmosphere.","Extreme close-up on No-Face's mask. It tilts down. His dark form then liquefies and sinks into the shadows of the bridge, vanishing completely. The camera remains static on the now-empty spot. Studio Ghibli animation, smooth, eerie transformation effect."
51,4,中景,摇摄,澡堂员工，无脸男,无脸男出现在热闹的澡堂大厅角落，一个青蛙员工疑惑地走近他。,青蛙员工：“喂，你在这里做什么？”,"Medium shot inside the bustling bathhouse main hall. No-Face stands silently in a dim corner. A frog employee in worker attire approaches him, looking suspicious. Rich, detailed bathhouse interior with steam, lanterns, and other spirits. Studio Ghibli style, crowded environment, contrast between lively background and silent figure.","A medium shot panning across the busy bathhouse hall, settling on No-Face standing in a corner. A frog employee walks into frame, approaching him with a questioning look. The camera follows the employee's movement. Studio Ghibli style, bustling atmosphere, steam effects."
52,3,近景,固定,无脸男,无脸男的手从黑袍中伸出，手掌向上，变出一大把闪闪发光的金粒。,,"Close-up on No-Face's hand emerging from his black robe. His palm is open, and from it, a small pile of glowing, sparkling gold nuggets materializes. The gold shines brightly against the dark fabric. Studio Ghibli style, magical creation effect, detailed gold texture, warm light source from the gold.","Close-up on No-Face's hand. Gold nuggets sparkle into existence on his palm, glowing with a warm light. The camera holds on the magical creation. Studio Ghibli animation, focus on the transformative magic, sparkling particle effects."
53,3,特写,快速推近,青蛙员工,青蛙员工的眼睛瞪得巨大，紧紧盯着金子，脸上露出极度贪婪和震惊的表情。,青蛙员工：“金、金子！”,"Extreme close-up on the frog employee's face. His eyes are wide open, bulging with greed and astonishment, reflecting the sparkle of the gold. His mouth is slightly agape. Studio Ghibli style, exaggerated, expressive facial animation, comedic greed, reflection in the eyes.","An extreme close-up that quickly pushes into the frog employee's face. His eyes widen dramatically, fixated on the gold. His expression shifts to pure avarice. Studio Ghibli style, fast push-in for comedic and dramatic effect, highlighting greed."
54,5,全景,快速摇摄,澡堂员工们，无脸男,消息传开，大批员工疯狂地涌向无脸男，将他团团围住，伸手讨要金子，场面混乱。,众员工：“给我！给我金子！”,"Wide shot of the bathhouse hall in chaos. A crowd of frog and other spirit employees mob around No-Face, pushing and shoving, their hands outstretched desperately. No-Face stands calmly in the center, producing more gold. Studio Ghibli style, chaotic crowd scene, dynamic poses, sense of frenzy and greed.","A wide shot that quickly pans across the hall, showing employees running from all directions to swarm around No-Face. The camera movement is frantic, matching the chaos. Studio Ghibli animation, crowded, lively chaos, characters pushing into frame."
55,4,中景,俯拍，环绕,无脸男,无脸男被众人簇拥着，开始向空中抛洒大量金粒，金子像雨一样落下。,,"Medium shot from a high angle, looking down at No-Face surrounded by the crowd. He raises his arms, and a shower of glittering gold nuggets pours from his sleeves into the air, raining down on the scrambling employees. Studio Ghibli style, magical gold rain, top-down perspective, frenzied crowd below.","A medium shot from above, slowly circling around No-Face. He lifts his arms, and a torrent of gold nuggets erupts from him, showering down. The camera circles to show the gold rain from all angles. Studio Ghibli style, dynamic circling shot, particle effects for gold."
56,3,特写,快速变焦,无脸男,无脸男的面具开始扭曲变形，嘴巴的部分裂开一个巨大的、贪婪的黑洞。,,"Extreme close-up on No-Face's mask. The smooth white surface distorts, and a huge, dark, gaping maw tears open where the mouth should be. The void is deep and threatening. Studio Ghibli style, dramatic transformation, smooth but terrifying animation, contrast between white mask and black void.","An extreme close-up on No-Face's mask. It warps and stretches, and a large, black mouth rapidly opens wide. A quick zoom emphasizes the sudden, frightening change. Studio Ghibli animation, fast, smooth transformation to monstrous form."
57,2,近景,手持晃动,青蛙员工,一个拿着金子的青蛙员工惊恐地后退，但被无脸男伸长的手臂猛地抓住。,青蛙员工：“哇啊！放开我！”,"Close-up, shaky shot of a frog employee clutching gold, his face filled with terror. A long, black, arm-like extension from No-Face shoots into frame and grabs him tightly. Studio Ghibli style, dynamic action, sense of panic, the arm is fluid and unnatural.","A close-up, handheld-style shaky shot of a terrified frog employee. A black, stretching arm from off-screen swiftly enters the frame and snatches him, pulling him back. The camera shakes with the sudden action. Studio Ghibli style, frantic energy, quick movement."
58,3,中景,快速拉远,无脸男,无脸男巨大的嘴巴像黑洞一样，将挣扎的青蛙员工整个吞了进去，身体膨胀了一下。,,"Medium shot of No-Face. His giant black maw gapes open, and the struggling frog employee is sucked into the void. No-Face's body momentarily swells and contorts from the ingestion. Studio Ghibli style, surreal and frightening swallowing action, body distortion, dark magical effect.","A medium shot of No-Face. His mouth opens wide, and the frog employee is pulled in swiftly. The camera quickly pulls back as No-Face's body bloats temporarily. Studio Ghibli animation, fast, impactful swallowing motion, emphasis on the grotesque act."
59,4,全景,快速横摇,澡堂员工们，无脸男,澡堂陷入更大的恐慌，员工们尖叫着四散奔逃，无脸男在混乱中移动，继续吞食。,众员工：“吃人了！快跑啊！”,"Wide shot of the bathhouse hall in utter panic. Employees are running in all directions, screaming. No-Face, now larger and more monstrous, lumbers through the chaos, his form shifting. Studio Ghibli style, chaotic逃亡 scene, dynamic camera, sense of scale and terror.","A wide shot that rapidly pans sideways, following the fleeing crowd. No-Face moves in the background, his form consuming others. The fast pan creates a disorienting sense of panic. Studio Ghibli style, fast-paced action, chaotic movement in frame."
60,3,特写,低角度仰拍,无脸男,无脸男吞下多人后，身体变得巨大臃肿，面具上浮现出被他吞食的青蛙脸，发出混杂的声音。,无脸男（混杂声）：“饿……好饿……还要……”,"Low-angle extreme close-up of No-Face's enlarged face/mask. The faces of the swallowed frog employees press against the inside of his mask from within, distorting its surface. The mask itself seems to pulse. Studio Ghibli style, grotesque and haunting imagery, internal torment made visible, unsettling detail.","An extreme close-up from a low angle, looking up at No-Face's distorted mask. The faces inside push against the surface, creating moving bulges. The camera holds, emphasizing the horror. Studio Ghibli animation, subtle, creepy movement under the mask surface."
61,5,中景,缓慢推进,千寻，无脸男,千寻勇敢地走向庞大、暴走的无脸男，手里紧紧握着河神给的苦丸子，表情坚定。,千寻：“这个，给你吃。”,"Medium shot of Chihiro walking determinedly towards the gigantic, monstrous No-Face who towers over the destroyed bathhouse hall. She holds a small, dark herbal dumpling in her hand. Her expression is resolute yet compassionate. Studio Ghibli style, dramatic size contrast, focus on Chihiro's courage, detailed background of destruction.","A medium shot slowly pushing in on Chihiro as she walks forward. The gigantic, restless form of No-Face looms in the background. The push-in emphasizes her determination and the scale of the challenge. Studio Ghibli style, slow, deliberate camera movement, emotional focus."
62,4,近景,交替对切,千寻，无脸男,千寻抬头看着无脸男，伸出手。无脸男低下头，巨大的面具靠近她的小手。,,"Close-up shot-reverse-shot. Chihiro looks up, her hand outstretched with the dumpling. Reverse shot: No-Face's massive, distorted mask lowers, his giant black maw looming near her hand. The size difference is stark. Studio Ghibli style, intimate yet tense moment, detailed facial expressions and monstrous features.","A series of close-up shots alternating between Chihiro's determined face and outstretched hand, and No-Face's giant mask descending towards it. The editing creates tension and connection. Studio Ghibli animation, focused on the exchange between the two characters."
63,3,特写,固定,无脸男,无脸男从千寻手中吞下苦丸子。他的喉咙动了一下。,,"Extreme close-up on No-Face's gaping maw as the small herbal dumpling is placed into it by a small hand. The black void closes slightly as he swallows. Studio Ghibli style, focus on the act of ingestion, contrast between the small dumpling and the large mouth.","An extreme close-up on No-Face's mouth. Chihiro's hand places the dumpling inside. The mouth closes briefly as he swallows. The camera holds static. Studio Ghibli style, simple but significant action."
64,2,特写,快速拉近,无脸男,无脸男面具上的眼睛突然睁大，露出痛苦和震惊的神色。,,"Extreme close-up on No-Face's mask eyes. They widen dramatically, showing a sudden shock and physical discomfort. The usually blank expression is broken by clear emotion. Studio Ghibli style, expressive animation on a simple mask, conveying internal reaction.","A quick zoom into No-Face's mask eyes as they fly open wide, indicating the丸子's effect taking hold. The fast zoom adds impact to the reaction. Studio Ghibli animation, sudden change in expression."
65,4,中景,拉远并仰拍,无脸男,无脸男巨大的身体开始剧烈抽搐、收缩，他痛苦地弯下腰，双手捂住肚子。,无脸男：“呃啊……！”,"Medium low-angle shot of No-Face's gigantic form. He convulses violently, his body writhing and shrinking. He doubles over in agony, his dark hands clutching his swollen midsection. Studio Ghibli style, dynamic contortion, sense of purging and collapse, dramatic posing.","A medium shot that starts close and pulls back while tilting up, showing No-Face's entire body convulsing and collapsing in on itself. The camera movement emphasizes the scale of his distress. Studio Ghibli style, dynamic camera pull-back with character animation."
66,3,全景,固定,无脸男,无脸男开始剧烈呕吐，从嘴里喷出大量的黑色泥浆、水和被吞下的杂物。,,"Wide shot of No-Face hunched over. A torrent of black sludge, water, and indistinct objects erupts from his mouth, flooding the floor around him. The expulsion is forceful and continuous. Studio Ghibli style, grotesque but cathartic purging, detailed fluid dynamics, messy aftermath.","A static wide shot of No-Face. A powerful stream of black liquid and debris vomits forth from his mouth, splashing across the floor. The camera holds, capturing the full extent of the purge. Studio Ghibli animation, focus on the forceful expulsion effect."
67,4,中景,跟随,青蛙员工们，无脸男,几个被吐出的青蛙员工从泥浆中爬出来，咳嗽着，一脸茫然和虚弱，但还活着。,青蛙员工：“咳…咳…我们这是…？”,"Medium shot following a couple of frog employees as they crawl out of the pool of black vomit. They are soaked, disoriented, and coughing, but clearly alive and returning to their normal forms. Studio Ghibli style, relief after horror, detailed wet and messy character design, expressive confusion.","A medium shot that follows a frog employee as he struggles to stand up from the black sludge. The camera moves with him, emphasizing his disorientation and recovery. Studio Ghibli style, focus on the characters' return to normalcy."
68,5,近景,缓慢推进,无脸男,无脸男吐完后，身体缩小回原来的大小。他瘫坐在地上，面具低垂，显得疲惫而平静。,,"Close-up slowly pushing in on No-Face. He has shrunk back to his original slender form, sitting exhausted in the mess. His white mask is tilted down, conveying a sense of emptiness, relief, and purification. Studio Ghibli style, emotional stillness after storm, subtle character expression.","A close-up that slowly pushes in on No-Face's seated form. His body is still, mask downcast. The slow push-in emphasizes his exhausted, purified state after the violent purge. Studio Ghibli style, calm, reflective camera movement."
69,4,中景,过肩镜头,千寻，无脸男,千寻走到无脸男面前，蹲下身，平静地看着他。无脸男微微抬起头。,千寻：“你不能再待在这里了。跟我来。”,"Medium over-the-shoulder shot from behind Chihiro. She kneels in front of the seated No-Face, looking at him with kindness and resolve. No-Face's mask is slightly raised towards her. Studio Ghibli style, intimate connection, focus on Chihiro's leadership and compassion, calm composition.","An over-the-shoulder shot from behind Chihiro as she kneels to face No-Face. The camera focuses on her back and the subdued figure of No-Face in front of her. It's a moment of quiet connection. Studio Ghibli style, stable shot, emotional resonance."
70,6,全景,缓慢拉远,千寻，无脸男,千寻站起身，向澡堂外走去。无脸男默默地站起来，像影子一样安静地跟在她身后。,,"Wide shot of the devastated bathhouse hall. Chihiro walks towards an exit, her figure determined. No-Face, now calm and slender, follows a few steps behind her like a silent companion. The scene is littered with the aftermath of the purge. Studio Ghibli style, symbolic departure, path to redemption, detailed environment.","A wide shot that slowly pulls back as Chihiro walks away, with No-Face following. The camera reveals the messy hall and their journey towards the exit, emphasizing a new beginning. Studio Ghibli style, slow pull-out, establishing the next chapter of their journey."
71,6,全景,固定,千寻，无脸男,千寻和无脸男安静地并肩坐在空荡的电车车厢里，窗外是广阔的蓝色水域和天空。,,"Studio Ghibli style, a wide shot inside a vintage train carriage, a young girl and a tall dark spirit sitting quietly side by side on a bench seat, large windows showing a vast expanse of blue water and sky outside, soft afternoon light streaming in, creating a serene and melancholic atmosphere, detailed watercolor textures, gentle colors.","Studio Ghibli style, a static wide shot inside a moving vintage train. A young girl and a tall dark spirit sit silently next to each other on a bench. Through the large windows, a vast blue sea and sky slowly pass by. Soft, warm afternoon light fills the carriage, creating a peaceful, transient mood. The scene is calm and contemplative."
72,5,中景,缓慢推近,千寻,千寻望着窗外流动的风景，眼神平静而坚定，手里紧紧握着钱婆婆给她的发绳。,,"Studio Ghibli style, medium shot of a young girl sitting by a train window, her face is calm and determined as she looks out at the passing seascape, she holds a handmade hair tie tightly in her hand, soft light illuminates her profile, detailed expression, gentle wind blows her hair slightly, melancholic and hopeful mood.","Studio Ghibli style, a slow push-in to a medium shot of the young girl by the train window. She gazes out at the endless blue sea passing by, her expression is a mix of resolve and nostalgia. She clutches a handmade hair tie in her hand. The camera gently moves closer, emphasizing her inner strength and the journey's significance."
73,4,近景,固定,无脸男,无脸男安静地坐在千寻旁边，微微低着头，面具般的脸上没有任何表情，但姿态显得温顺。,,"Studio Ghibli style, close-up of the tall dark spirit No-Face sitting quietly, his mask-like face is expressionless, he slightly bows his head in a submissive and calm manner, sitting next to the girl, soft ambient light in the train carriage, highlighting his simple black form, a sense of peace and companionship.","Studio Ghibli style, a static close-up of No-Face sitting beside the girl. He remains perfectly still, his featureless face pointed downward. The gentle rocking of the train and the soft light create a tranquil moment, showing his transformed, peaceful state after finding a place with Chihiro."
74,5,全景,摇摄,千寻，无脸男,电车缓缓停靠在一个被水包围的孤独站台，站牌上写着“沼底”。千寻起身准备下车。,,"Studio Ghibli style, wide shot from inside the train, viewing a small, lonely wooden platform station surrounded by shallow water and reeds, the station sign reads 'Swamp Bottom', the vintage train has come to a stop, a young girl stands up to get off, soft twilight glow, serene and isolated atmosphere.","Studio Ghibli style, a wide shot with a slow pan as the vintage train glides to a stop at a secluded waterlogged station. The sign 'Swamp Bottom' is visible. The young girl rises from her seat, preparing to disembark into the tranquil, twilight environment. The scene feels remote and mystical."
75,4,中景,跟随,千寻，无脸男,千寻和无脸男走下电车，踏在水中的站台上，水面倒映着黄昏的天空。,,"Studio Ghibli style, medium shot from a low angle, a young girl and a tall dark spirit stepping off a train onto a wooden platform submerged in calm water, the golden-orange sky of dusk is reflected perfectly on the water's surface, creating a mirror effect, serene and beautiful, detailed water reflections, Ghibli color palette.","Studio Ghibli style, a following medium shot as Chihiro and No-Face step down from the train car onto the flooded platform. The camera follows their movement, capturing the perfect reflection of the stunning dusk sky in the still water around their feet. The moment is quiet, beautiful, and slightly surreal."
76,6,全景,拉远,千寻，无脸男,千寻和无脸男走过一条长长的、通往远处小山丘的水中步道，背景是广阔的湿地和温暖的夕阳。,,"Studio Ghibli style, wide establishing shot, a long wooden walkway stretches across a vast wetland towards a small hill in the distance, a tiny cottage with a smoking chimney sits on the hill, a young girl and a tall spirit are walking along the path, silhouetted against a magnificent sunset sky filled with oranges and purples, breathtaking scenery.","Studio Ghibli style, a wide shot that slowly pulls back to reveal the vast scale of the wetlands. Chihiro and No-Face appear small as they walk along the long, narrow path towards the distant hill and cottage. The glorious sunset paints the sky in warm hues, emphasizing the journey's end and the magical setting."
77,5,中景,固定,钱婆婆,钱婆婆坐在纺车旁，戴着眼镜，正在专注地纺线。屋内温暖、杂乱，充满生活气息。,,"Studio Ghibli style, medium shot inside a cozy, cluttered cottage, an old kind-hearted witch with white hair is sitting at a spinning wheel, wearing glasses and concentrating on her spinning, warm firelight illuminates the room filled with books, fabrics, and knick-knacks, a sense of wisdom and domestic peace.","Studio Ghibli style, a static medium shot inside Zeniba's cottage. She is focused on spinning thread at her wheel, the fire crackling softly nearby. The room is detailed with countless handmade items, creating an atmosphere of warmth, wisdom, and humble magic. The scene is calm and inviting."
78,4,中景,推近,千寻,千寻站在门口，有些紧张地鞠躬，双手奉上印章和钱婆婆的发绳。,婆婆，我是来归还印章的，还有，这是您织的发绳。,"Studio Ghibli style, medium shot of a young girl standing at the doorway of a cottage, she bows respectfully, holding out a stolen gold seal and a handmade hair tie in her hands, her expression is earnest and slightly nervous, warm light from inside the cottage spills onto her, highlighting her sincerity.","Studio Ghibli style, a medium shot that slowly pushes in on Chihiro at the cottage door. She bows deeply, presenting the stolen seal and the hair tie with both hands. Her voice is respectful and sincere. The warm interior light contrasts with the cooler dusk outside, focusing on her act of apology and responsibility."
79,5,近景/特写,切换,钱婆婆,钱婆婆停下纺车，抬起头，透过眼镜慈祥地看着千寻。她微笑着，眼神温和。,好孩子，过来吧。重要的不是物品，而是心意。,"Studio Ghibli style, close-up of the old witch Zeniba's face, she looks up from her spinning wheel, her eyes are kind and warm behind her glasses, a gentle smile plays on her lips, firelight softly highlights the wrinkles on her face, expressing deep wisdom and unconditional acceptance.","Studio Ghibli style, a close-up shot of Zeniba's face. She stops spinning and looks up at Chihiro. Her expression transforms into one of immense kindness and understanding. The firelight flickers in her glasses as she delivers her line with a gentle, reassuring smile. The shot emphasizes her maternal wisdom."
80,6,中景,固定,千寻，钱婆婆，无脸男,千寻、无脸男和变成老鼠的坊宝宝围坐在桌前，钱婆婆为大家倒茶。气氛温馨融洽。,,"Studio Ghibli style, medium shot around a small wooden table in a cozy cottage, the kind witch pours tea for a young girl, a tall dark spirit, and a small mouse wearing a tiny hat, a simple meal is laid out, warm golden light from lamps and fireplace fills the scene, a feeling of friendship, family, and peace.","Studio Ghibli style, a static medium shot of the group gathered at the table. Zeniba pours tea for everyone, including No-Face and the mouse (Boh). Chihiro watches with a relaxed smile. The scene is filled with warm, domestic light and a sense of hard-earned camaraderie and simple happiness."
81,5,特写,缓慢推近,千寻,千寻低头看着手中钱婆婆为她织的发绳，眼神若有所思，记忆的碎片开始闪回。,,"Studio Ghibli style, extreme close-up on a young girl's hands holding a handmade purple hair tie, her fingers gently trace the woven pattern, her expression is distant and thoughtful as memories begin to surface, soft focus on the hair tie, shallow depth of field, emotional and introspective moment.","Studio Ghibli style, an extreme close-up on Chihiro's hands holding the hair tie. The camera very slowly pushes in on the object. Her fingers move over it thoughtfully. The focus is soft, suggesting a internal journey as fragmented memories of a river and a boy start to connect in her mind. The atmosphere is quiet and pivotal."
82,4,快速切换/叠化,主观镜头,千寻（记忆）,快速闪回画面：琥珀川的河水，小时候的千寻掉进河里，被水流托起。,,"Studio Ghibli style, quick flashback sequence, subjective POV from underwater, looking up at the sunlight filtering through the surface of a river named Kohaku River, a small pair of red shoes sinks, then the view shifts to being safely carried by the clear, flowing water, dreamlike and fluid animation.","Studio Ghibli style, a series of very brief, overlapping flashback shots. A subjective, underwater view of sunlight on a river's surface. A glimpse of small red shoes. The sensation of being buoyed by gentle currents. The editing is quick and fluid, mimicking the rush of a long-forgotten memory returning."
83,5,特写,固定,千寻,千寻猛地抬起头，眼睛睁大，瞳孔收缩，脸上浮现出震惊和恍然大悟的表情。,我想起来了！,"Studio Ghibli style, extreme close-up on the young girl's face, her eyes are wide open with shock and realization, her pupils contract, her mouth is slightly agape, the warm light of the room catches the determination in her expression, a moment of profound epiphany and emotional clarity.","Studio Ghibli style, a tight close-up on Chihiro's face. Her eyes snap open wide with sudden, electrifying realization. The camera holds perfectly still, capturing every micro-expression of shock turning into absolute certainty. She whispers the line with breathless intensity. This is the critical moment of memory retrieval."
84,4,中景,快速推近,千寻,千寻激动地转向钱婆婆，双手握拳放在胸前，身体前倾，急切地想要分享她的发现。,白龙的真名是…琥珀川！他真正的名字，是琥珀川！,"Studio Ghibli style, medium shot, the young girl turns excitedly towards the old witch, she leans forward with her fists clenched near her chest, her face is alight with urgency and joy, the warm cottage background is slightly blurred, focusing on her energetic movement and emotional outburst.","Studio Ghibli style, a medium shot that quickly pushes in on Chihiro as she turns to Zeniba. Her body language is full of urgent energy—leaning forward, fists clenched. She delivers the line with triumphant conviction. The camera movement matches her sudden excitement and the importance of the revelation."
85,5,近景,固定,钱婆婆,钱婆婆欣慰地笑了，轻轻点头，眼神中充满赞许和鼓励。,很好。那么，你就不会忘记他了。,"Studio Ghibli style, close-up of the old witch Zeniba, she nods slowly with a knowing and proud smile, her eyes crinkle at the corners, full of warmth and approval for the girl's achievement, firelight glints on her glasses, emphasizing her role as a guide and confidante.","Studio Ghibli style, a close-up reaction shot of Zeniba. She listens to Chihiro's revelation and responds with a slow, deep nod and a serene, proud smile. Her line is delivered with gentle finality and wisdom. The shot confirms the success of Chihiro's personal quest and the power of remembered identity."
86,6,中景,跟随,千寻，无脸男，坊宝宝,在钱婆婆的指导下，千寻、无脸男和坊宝宝一起协作，纺线织布，为千寻制作一条新的发带。,,"Studio Ghibli style, medium shot inside the cozy cottage, the young girl, the tall dark spirit, and a small mouse are all working together at a loom under the guidance of the old witch, hands are busy weaving colorful threads, focused and cooperative work, warm light, a scene of communal effort and creation.","Studio Ghibli style, a medium shot that follows the group's activity around the loom. Chihiro, No-Face, and Boh (as a mouse) work in harmony, guided by Zeniba's instructions. The camera moves gently to show each contributing. This scene visualizes the theme of healing through meaningful work and friendship."
87,5,特写,缓慢拉出,千寻,特写千寻专注纺线的双手，动作从生涩逐渐变得流畅，象征着她的成长和内心的平静。,,"Studio Ghibli style, extreme close-up on a young girl's hands skillfully working at a traditional spinning wheel, the motion is careful and becomes smooth, colorful threads twist together, soft light highlights the texture of the thread and her focused movements, symbolic of patience and personal growth.","Studio Ghibli style, an extreme close-up on Chihiro's hands at the spinning wheel. The camera slowly pulls back as her movements gain confidence and rhythm. The spinning thread becomes a visual metaphor for her regained sense of self, purpose, and the weaving together of her experiences. The moment is meditative."
88,4,中景,固定,钱婆婆,钱婆婆将织好的、带有魔法符文的紫色发带递给千寻，表情慈祥而庄重。,这发带会保护你的。,"Studio Ghibli style, medium shot, the old witch hands a beautifully woven purple hairband with intricate magical symbols to the young girl, her expression is solemn and loving, the hairband glows slightly in the cottage light, representing a gift of protection, blessing, and farewell.","Studio Ghibli style, a static medium shot of the gift exchange. Zeniba presents the finished, magically embroidered hairband to Chihiro. The shot holds on the moment of transfer, emphasizing the weight of the gift—not just an object, but a token of protection, love, and the lessons learned."
89,5,近景,推近,千寻,千寻双手接过发带，紧紧贴在胸前，眼中含着感激的泪光，深深地向钱婆婆鞠躬。,谢谢您，婆婆。,"Studio Ghibli style, close-up of the young girl, she accepts the hairband with both hands and holds it reverently to her chest, her eyes are glistening with tears of gratitude, she bows deeply, her hair falling forward, expressing profound thankfulness and emotional closure.","Studio Ghibli style, a close-up that pushes in on Chihiro's face as she receives the gift. Her eyes well up with emotion. She clutches the hairband and bows deeply. The camera move emphasizes the sincerity of her gratitude and the completion of her journey at the cottage. It's a moment of heartfelt farewell."
90,6,全景,拉远,千寻，无脸男,黎明时分，千寻和无脸男站在来时的小路上，回头望向山坡上钱婆婆点着灯的小屋，然后转身走向隧道。,,"Studio Ghibli style, wide shot at dawn, the young girl and the tall spirit stand on the wooden walkway, looking back at the small, warm-lit cottage on the hill against a soft blue and pink morning sky, they then turn to walk away towards the dark tunnel entrance, a bittersweet feeling of departure.","Studio Ghibli style, a wide shot that slowly pulls back to frame Chihiro and No-Face as small figures on the path. They take one last look at Zeniba's glowing cottage in the distance. Then, they turn and begin walking toward the foreboding tunnel. The cool morning light and vast landscape underscore the transition back to their own world."
91,5,中景,跟随,千寻，无脸男,千寻和无脸男走进黑暗的隧道入口，身影逐渐被黑暗吞没，只有千寻头上的新发带微微反光。,,"Studio Ghibli style, medium shot from behind, a young girl and a tall spirit walk into the dark mouth of a stone tunnel, their silhouettes are swallowed by the darkness, the only visible detail is the girl's purple hairband catching a faint light, creating a sense of mystery and passage between worlds.","Studio Ghibli style, a following medium shot from behind as Chihiro and No-Face enter the tunnel. The camera follows them in, the light fading rapidly. Their figures become silhouettes against the darkness. The magical hairband is the last detail visible, a symbol of her journey, before they disappear from view."
92,4,主观镜头,向前移动,千寻,千寻的主观视角：在漆黑的隧道中向前走，前方尽头出现一个越来越亮的光点。,,"Studio Ghibli style, first-person POV shot walking through a pitch-black, damp stone tunnel, the only light is a small, bright circular opening at the far end, the light grows larger and brighter with each step, creating a tunnel vision effect, anticipation of exiting to the normal world.","Studio Ghibli style, a subjective POV shot from Chihiro's perspective. The camera moves steadily forward through complete darkness in the tunnel. A small, bright circle of daylight is visible at the far end. As she walks, the circle grows larger, building anticipation for the return to her own world."
93,5,全景,从隧道内向外摇摄,千寻，无脸男,千寻和无脸男从隧道走出，刺眼的阳光让他们眯起眼睛。他们回到了隧道外的草丛，世界看起来普通而安静。,,"Studio Ghibli style, wide shot from inside the tunnel looking out, the young girl and the spirit step out into bright daylight, squinting their eyes against the sun, they are back in the overgrown grassy area near the tunnel entrance, the ordinary world looks serene and still, a stark contrast to the spirit world.","Studio Ghibli style, a wide shot that starts inside the tunnel and pans with them as they step out into the blinding sunlight. They shield their eyes. The camera reveals the familiar, mundane landscape—tall grass, the tunnel mouth statue. The sound changes to normal wind and birds, marking the return to reality."
94,6,中景,固定,千寻，无脸男,千寻转过身，面对无脸男。无脸男静静地站着。千寻对他微笑，那是一种告别和感谢的微笑。,你要保重哦。,"Studio Ghibli style, medium shot, the young girl turns to face the tall dark spirit, she gives him a warm, gentle smile that conveys gratitude and farewell, the spirit stands motionless, his mask-like face somehow expressing understanding, bright natural daylight, tall grass swaying in the breeze around them.","Studio Ghibli style, a static medium two-shot. Chihiro turns to No-Face. She smiles at him, a smile full of warmth, gratitude, and acceptance of their parting. No-Face remains still, a silent companion to the end. The breeze rustles the grass. Her line is soft and heartfelt, a final kindness."
95,8,全景,缓慢拉高，鸟瞰,千寻,千寻独自一人，头也不回地走向隧道外的山坡，走向她父母等待的汽车。阳光洒在她身上，她的步伐坚定。,,"Studio Ghibli style, wide aerial shot, a lone young girl walks determinedly up a grassy hill away from the tunnel, her small figure is bathed in golden morning sunlight, her parents' car is visible in the distance at the top of the hill, the landscape is peaceful, symbolizing her return home and her inner growth.","Studio Ghibli style, a wide shot that slowly pulls up and back into an aerial view. Chihiro, now alone, walks steadily up the hill towards her parents' car without looking back. The morning sun illuminates her path. The camera ascends, showing her small but resolute figure in the vast landscape, concluding her journey with a sense of peace and maturity."
